{"cameraMode":{"drawMode":0,"name":"Shaded","section":"Shading Mode"},"sceneLighting":false,"audioPlay":false,"sceneViewState":{"showFog":true,"showMaterialUpdate":false,"showSkybox":false,"showFlares":true,"showImageEffects":true,"showParticleSystems":true},"in2DMode":false,"pivot":{"x":-1.3532261848449708,"y":1.3397221565246583,"z":-0.009111647494137288},"rotation":{"x":0.016498658806085588,"y":-0.00899877492338419,"z":0.00014845856640022248,"w":0.9998241662979126},"size":1.9208579063415528,"orthographic":true}